run_id,timestamp,token_budget,w_mitre_cve,w_sigma_rules,w_bron_graph,w_stackexchange_security,w_youtube_cyber,w_reddit_cyber,w_github_security,w_security_blogs,w_general_technical,loss_cyber_general,loss_cloud_security,loss_task_specific,loss_general_language,loss_cyber_mean
m0000,2026-05-14 05:21:21.476646,100000000,0.175964619674207,0.17098629611250696,0.17454124474245925,0.020478212963522466,0.009922842513541499,0.10632058080996107,0.10319537036484375,0.2286679903054165,0.009922842513541499,2.694633189364833,2.777751800367897,2.699911247985337,2.9870647382826108,2.7240987459060224
m0001,2026-05-14 05:21:21.477788,100000000,0.17110849095761996,0.011516052988806157,0.1780509850180858,0.28306506180133584,0.06325574840063769,0.20135930454414389,0.02514130879132167,0.014972515053391932,0.051530532444657176,2.7529672904073172,2.7757180123853136,2.769416162455829,2.886177379257346,2.766033821749487
m0002,2026-05-14 05:21:21.477960,100000000,0.122173226872632,0.05598734016345613,0.16910484818323668,0.03030966356962113,0.24916881782249653,0.16635281857844186,0.08890456804618761,0.05654335305014802,0.06145536371378003,2.7924025997216178,2.731351734448283,2.738888787115293,2.951544602175543,2.7542143737617315
m0003,2026-05-14 05:21:21.478110,100000000,0.01659720840120352,0.0386806475761189,0.1475717095323934,0.08369545484494263,0.2722247187235419,0.15256099950137136,0.051234032229054746,0.09928726607776035,0.13814796311361305,2.808742623724009,2.8028666476325363,2.796492851959615,2.916090719776515,2.8027007077720536
m0004,2026-05-14 05:21:21.478245,100000000,0.05014083838262314,0.04694395690261267,0.12817115490959732,0.043303482677796316,0.1944923478757164,0.2028281550543614,0.15809061301428698,0.010649643123997654,0.16537980805900818,2.6554363813514463,2.782581495856766,2.793149989976594,2.920181917131323,2.7437226223949356
m0005,2026-05-14 05:21:21.478381,100000000,0.2639579304460085,0.2186834209264961,0.054581047613788625,0.0625498609284593,0.03230161708812418,0.06906478314401969,0.009941783156680276,0.03261744731478644,0.25630210938163706,2.642771766417209,2.7197442744795532,2.7105250639591447,2.84126647929505,2.6910137016186355
m0006,2026-05-14 05:21:21.478515,100000000,0.41197401542271594,0.05810240540426191,0.029285313834535948,0.04100981890796637,0.0372554271134572,0.013365599007845915,0.11169395116511278,0.14185399166757667,0.15545947747652722,2.648832204063183,2.690859920206643,2.6602604143301614,2.910700872791233,2.6666508461999956
m0007,2026-05-14 05:21:21.478642,100000000,0.38141188542981536,0.15132259656425265,0.11815164395031602,0.07495458353402314,0.042561348448010176,0.009932605189087262,0.06871331940129963,0.044634298738974565,0.10831771874422112,2.597131637905433,2.7721207992569834,2.66503437907883,2.9191963340860507,2.6780956054137484
m0008,2026-05-14 05:21:21.478780,100000000,0.18492854909522344,0.03028055040604308,0.009945907402872153,0.08433229820991917,0.2328401265674995,0.07487152893516505,0.19431551717987924,0.06866558961142924,0.119819932591969,2.741084525776376,2.767525841916063,2.7391787566272607,2.8996922812238393,2.7492630414399
m0009,2026-05-14 05:21:21.478908,100000000,0.06836175965825789,0.031819739960171185,0.03372858036313771,0.02785818587789219,0.012942419338182937,0.40635817672171454,0.10619777233896172,0.09140639532377273,0.22132697041790905,2.7877474355580962,2.8172593277962377,2.705672318844457,2.944702674127277,2.7702263607329303
m0010,2026-05-14 05:21:21.479033,100000000,0.03505240864767993,0.3590627661887904,0.24182616747841915,0.06162700277751909,0.0375464398295145,0.09939536102243615,0.057057731628709016,0.01417664279883159,0.09425547962810024,2.681254102841375,2.819402551815713,2.6470139441960856,2.959301058006112,2.7158901996177245
m0011,2026-05-14 05:21:21.479156,100000000,0.16639828712262553,0.0745470489270411,0.227768919776317,0.15121722767485118,0.08260451222859252,0.13674659935933936,0.053715161420555615,0.07890669145710118,0.028095552033576495,2.7343033334947764,2.7825455661987584,2.731039327264572,3.03645149280219,2.7492960756527025
m0012,2026-05-14 05:21:21.479274,100000000,0.030306262025159007,0.2967505234506052,0.019410993504184557,0.025995931378586544,0.04292211845167732,0.1338540820530672,0.05725486834778227,0.09469859812325501,0.2988066226656829,2.734034964071646,2.7700594692802545,2.6946712051832518,2.847834441046273,2.7329218795117174
m0013,2026-05-14 05:21:21.479390,100000000,0.25539341579375374,0.19402273033835857,0.02831868301984383,0.19703333246763663,0.07528653435211226,0.020502038581870715,0.06616680257946662,0.01168818065520409,0.1515882822117535,2.6286974852819562,2.699740156455665,2.6236618150437683,2.9494210480049503,2.65069981892713
m0014,2026-05-14 05:21:21.479518,100000000,0.0965718317193477,0.029249537580162556,0.00994609931106994,0.27125735248860383,0.080284550113846,0.1478947496478528,0.035063144569529005,0.16661206876969414,0.16312066579989407,2.775872488289356,2.7757981249701795,2.738389821826193,2.910160497466138,2.763353478361909
m0015,2026-05-14 05:21:21.479634,100000000,0.009983279406255013,0.48472114789956233,0.060112477634132716,0.12473752774518225,0.021747967487250334,0.08779731922839037,0.025544645014293408,0.14403025448592985,0.04132538109900376,2.628239293718283,2.7537571889270205,2.7246698755562417,2.9052640305807227,2.702222119400515
m0016,2026-05-14 05:21:21.479800,100000000,0.09858722986500433,0.06682223454793176,0.09534942469752464,0.05976512543092278,0.07756846647920876,0.009936974555236424,0.20088394010623958,0.31757178241087897,0.07351482190705266,2.7287750420244357,2.780952637516836,2.7324659254580137,2.8419614725896087,2.747397868333095
m0017,2026-05-14 05:21:21.479997,100000000,0.29633582325980207,0.014632415858554612,0.24241163194050516,0.03171810779423147,0.058208636357210894,0.21214740471909838,0.0110491826782061,0.01662579340409938,0.11687100398829185,2.7675066665710077,2.768875801398623,2.6897895945003025,2.8241564099245204,2.7420573541566444
m0018,2026-05-14 05:21:21.480127,100000000,0.1598611413258506,0.04686076459960693,0.07214707198426923,0.12202220769159752,0.30914452346861526,0.05830897519110624,0.12449792855682008,0.05763606317337716,0.049521324008756966,2.7435848311941586,2.6892683273088056,2.7338122868068684,2.885541577820899,2.722221815103277
m0019,2026-05-14 05:21:21.480268,100000000,0.23149441041277685,0.060390585431501505,0.14533083226737642,0.0328439507549194,0.020185250853643862,0.12395396992399901,0.1537970775872035,0.10317344436918872,0.12883047839939088,2.728470351862453,2.714246954781742,2.745519728272232,2.834678908228511,2.729412344972142
m0020,2026-05-14 05:21:21.480404,100000000,0.0804270205776819,0.08619772751520742,0.17798201139921943,0.22288134935871912,0.052285714920654425,0.009971913855333386,0.1108091466735852,0.06679753344618822,0.19264758225341083,2.7613676234697384,2.7476384709076056,2.7969807445485464,2.9702803458925873,2.7686622796419638
m0021,2026-05-14 05:21:21.480533,100000000,0.14244555935722536,0.019130008912923258,0.14309118310911056,0.07807016237249689,0.015702297448152325,0.03734775116417071,0.47406320816681824,0.05495132728803772,0.035198502181064975,2.7283901729055127,2.7713524149359885,2.6941820186555554,2.9505780512094097,2.7313082021656854
m0022,2026-05-14 05:21:21.480649,100000000,0.06702079568134793,0.311987999949092,0.16431813777971171,0.02983601465316914,0.009913136882814196,0.06610288115922672,0.0227313718878775,0.3120042542244042,0.016085407782356474,2.7603690983095777,2.7064676834118826,2.6431319778058584,2.937579663861023,2.703322919842439
m0023,2026-05-14 05:21:21.480788,100000000,0.06994470313627377,0.1040137776522258,0.293377930787815,0.029693282334143596,0.17743503770789562,0.07806387425143123,0.17684625305767324,0.036608801684074016,0.03401633938846784,2.8506076198693253,2.7382906731692245,2.76812940419235,2.953692823990757,2.785675899076967
m0024,2026-05-14 05:21:21.480906,100000000,0.03252938742545476,0.1343391925789759,0.08360051726021467,0.1114558384543924,0.16508731943841215,0.14851834760416668,0.1345195472240437,0.18000498191080827,0.00994486810353141,2.8349089243304846,2.84334781477288,2.754551898425511,2.942646527127496,2.8109362125096253
m0025,2026-05-14 05:21:21.481018,100000000,0.13745843143900052,0.11877716830252784,0.04006668268388293,0.021896254753289948,0.06490621049225478,0.18502331446523673,0.02976966837812679,0.13091399629842784,0.27118827318725264,2.7214872402894783,2.7393286876549285,2.6811814765986752,2.901574953250133,2.7139991348476937
m0026,2026-05-14 05:21:21.481222,100000000,0.031928045473186485,0.34445989755176254,0.009880508598127257,0.009880508598127257,0.14868748539988255,0.051666769600750014,0.04851722800624724,0.15684260841640293,0.19813694835551357,2.716994606298189,2.729741565847336,2.729278116921858,2.9369472833470742,2.725338096355794
m0027,2026-05-14 05:21:21.481347,100000000,0.0737569336759042,0.18849585969450028,0.09041745759186079,0.04487121146109845,0.021769962622755688,0.12319379304911983,0.19156757283885084,0.23890311232872227,0.0270240967371878,2.668976467803659,2.7786425468686295,2.684567115119589,2.8540794476218854,2.710728709930626
m0028,2026-05-14 05:21:21.481469,100000000,0.20844288499719085,0.1043034519157826,0.34786450455256057,0.04484926282893829,0.011977948092997468,0.07333788153126158,0.014358212836844273,0.0957284504389919,0.09913740280543233,2.726421543141503,2.7526957491236743,2.730862672521989,2.84819091593187,2.7366599882623888
m0029,2026-05-14 05:21:21.481602,100000000,0.01998602553113636,0.5441564751254814,0.053262429481683374,0.210942788100003,0.035379090494549334,0.08967547241756495,0.01590639399633259,0.020770874146329887,0.009920450706919166,2.70501962413837,2.7215938585127564,2.7020784023721003,2.8799074881367313,2.7095639616744087
m0030,2026-05-14 05:21:21.481776,100000000,0.2190261597948565,0.04816866853715224,0.09391341709318564,0.11781966911633343,0.02438068619674707,0.39770274632460945,0.07411901472848055,0.01022005922275867,0.014649578985876528,2.662518342786758,2.725511076777429,2.69888922520514,2.8430974275745142,2.6956395482564424
m0031,2026-05-14 05:21:21.481894,100000000,0.10529523848610708,0.026940691742412985,0.06922894542684803,0.15769566806771662,0.009988153014771847,0.07613816842595737,0.3330458511759727,0.015809499635154236,0.2058577840250591,2.8276590746443993,2.797298474150244,2.7050632130425907,2.9095956289357563,2.776673587279078
ref_natural,2026-05-14 05:21:21.482005,100000000,0.1111111111111111,0.1111111111111111,0.1111111111111111,0.1111111111111111,0.1111111111111111,0.1111111111111111,0.1111111111111111,0.1111111111111111,0.1111111111111111,2.7460786822361687,2.7741501723611344,2.714897419907766,2.9029939154081403,2.7450420915016895
ref_uniform,2026-05-14 05:21:21.482131,100000000,0.1111111111111111,0.1111111111111111,0.1111111111111111,0.1111111111111111,0.1111111111111111,0.1111111111111111,0.1111111111111111,0.1111111111111111,0.1111111111111111,2.7460786822361687,2.7741501723611344,2.714897419907766,2.9029939154081403,2.7450420915016895
